Rk,Player,Pos,PER,TS%,TRB%,AST%,STL%,BLK%,TOV%,USG%,WS,BPM
1,Precious Achiuwa\achiupr01,PF,14.2,550,16.1,6.1,1.3,4.0,13.5,19.5,1.3,-4.5
2,Jaylen Adams\adamsja01,PG,-6.5,125,8.8,12.7,0.0,0.0,0.0,18.6,-0.1,-19.8
3,Steven Adams\adamsst01,C,15.1,596,17.4,9.1,1.6,2.2,17.5,11.7,4.0,-0.8
4,Bam Adebayo\adebaba01,C,22.7,626,15.3,26.9,1.7,3.2,15.0,23.7,8.8,4.7
5,LaMarcus Aldridge\aldrila01,C,15.7,556,9.4,11.0,0.8,3.7,7.9,22.2,1.1,-0.6
5,LaMarcus Aldridge\aldrila01,C,15.1,545,9.2,10.2,0.7,2.8,7.0,22.7,0.8,-1.2
5,LaMarcus Aldridge\aldrila01,C,18.2,611,10.2,14.3,1.1,7.4,11.8,19.9,0.4,1.7
6,Ty-Shon Alexander\alexaty01,SG,4.2,349,12.1,15.4,0.0,1.9,18.9,15.0,0.0,-6.8
7,Nickeil Alexander-Walker\alexani01,SG,12.5,522,7.8,14.7,2.2,2.1,12.4,23.2,0.7,-1.6
8,Grayson Allen\allengr01,SG,12.8,586,6.7,11.5,1.7,0.6,9.6,16.8,2.7,-0.5
9,Jarrett Allen\allenja01,C,20.1,661,18.9,8.7,0.8,4.3,14.1,16.6,6.4,0.9
9,Jarrett Allen\allenja01,C,21.5,730,21.6,8.3,1.1,5.2,19.3,15.5,1.4,1.9
9,Jarrett Allen\allenja01,C,19.8,649,18.3,8.8,0.8,4.1,13.1,16.8,5.0,0.7
10,Al-Farouq Aminu\aminual01,PF,8.9,469,13.3,10.1,2.1,1.9,20.5,13.6,0.1,-4.0
10,Al-Farouq Aminu\aminual01,PF,9.9,482,12.9,11.3,2.3,2.2,20.6,14.3,0.1,-3.3
10,Al-Farouq Aminu\aminual01,PF,3.0,369,15.7,3.5,1.4,0.0,19.7,9.8,0.0,-7.9
11,Kyle Anderson\anderky01,PF,17.2,578,11.1,18.3,2.1,2.7,10.4,18.5,5.6,3.1
12,Giannis Antetokounmpo\antetgi01,PF,29.2,633,17.5,28.7,1.7,3.2,13.2,32.5,10.2,8.8
13,Kostas Antetokounmpo\antetko01,PF,0.0,382,19.1,2.3,1.7,6.4,41.2,20.7,-0.2,-13.0
14,Thanasis Antetokounmpo\antetth01,SF,10.3,523,11.8,10.3,1.9,1.6,21.3,15.3,0.7,-3.9
15,Carmelo Anthony\anthoca01,PF,14.6,547,6.8,9.2,1.3,2.0,6.7,23.1,2.6,-1.5
16,Cole Anthony\anthoco01,PG,12.1,496,9.0,24.2,1.1,1.3,14.8,24.3,0.0,-3.3
17,OG Anunoby\anunoog01,SF,15.4,605,9.1,10.1,2.2,2.2,11.7,19.3,3.1,1.0
18,Ryan Arcidiacono\arcidry01,PG,9.8,541,8.3,16.3,1.0,0.0,7.4,13.1,0.9,-2.5
19,Trevor Ariza\arizatr01,SF,11.9,542,9.8,9.4,1.8,2.2,7.5,15.1,1.6,-1.3
20,D.J. Augustin\augusdj01,PG,12.1,570,4.4,22.2,1.2,0.1,14.5,16.8,2.1,-2.1
20,D.J. Augustin\augusdj01,PG,10.2,542,3.7,18.6,1.3,0.1,14.0,14.3,1.2,-2.1
20,D.J. Augustin\augusdj01,PG,15.5,604,5.6,28.3,0.9,0.0,15.1,21.0,0.9,-2.2
21,Deni Avdija\avdijde01,SF,7.6,515,11.0,6.3,1.2,1.0,9.0,12.0,1.2,-3.9
22,Deandre Ayton\aytonde01,C,20.3,653,19.5,6.8,1.0,3.4,11.9,18.2,8.4,0.9
23,Udoka Azubuike\azubuud01,C,10.3,597,12.1,0.0,0.9,5.7,18.3,12.4,0.1,-4.9
24,Dwayne Bacon\bacondw01,SG,9.9,490,6.3,7.9,1.2,0.2,5.4,19.8,0.5,-5.1
25,Marvin Bagley III\baglema01,PF,16.3,554,15.9,5.8,0.9,1.6,9.7,23.5,1.4,-3.4
26,LaMelo Ball\ballla01,PG,17.5,539,11.1,33.9,2.7,1.2,16.3,26.1,2.8,1.9
27,Lonzo Ball\balllo01,PG,15.2,551,8.2,25.4,2.3,1.7,14.5,20.5,3.2,1.6
28,Mo Bamba\bambamo01,C,19.3,556,19.0,8.1,0.9,7.3,9.8,21.8,1.8,0.0
29,Desmond Bane\banede01,SG,12.2,600,7.3,10.6,1.3,0.9,10.2,16.1,2.9,-1.0
30,Harrison Barnes\barneha02,PF,15.4,626,10.2,13.0,1.0,0.4,11.1,17.2,4.5,-0.2
31,RJ Barrett\barrerj01,SG,13.4,535,8.9,13.8,1.1,0.8,10.5,23.4,4.1,-1.5
32,Will Barton\bartowi01,SF,11.8,538,7.4,14.1,1.4,1.3,12.7,19.0,2.2,-2.0
33,Keita Bates-Diop\bateske01,SF,12.0,518,10.6,6.6,2.2,1.7,8.4,14.8,0.3,-2.0
34,Nicolas Batum\batumni01,SF,12.9,617,9.7,10.5,1.9,1.8,10.8,11.8,5.0,1.4
35,Aron Baynes\baynear01,C,10.5,503,15.3,7.0,0.8,2.3,12.5,16.2,1.0,-4.7
36,Kent Bazemore\bazemke01,SF,10.6,564,9.1,11.1,2.4,2.2,16.1,16.3,1.8,-1.7
37,Darius Bazley\bazleda01,PF,9.7,491,12.0,8.9,0.8,1.3,13.7,22.1,-0.9,-4.4
38,Bradley Beal\bealbr01,SG,22.7,593,7.0,21.3,1.5,0.9,10.6,34.1,5.9,3.2
39,Malik Beasley\beaslma01,SG,14.6,570,7.2,11.6,1.2,0.5,8.6,24.0,1.3,-0.6
40,Jordan Bell\belljo01,C,8.0,328,15.5,10.6,1.7,5.2,14.9,13.6,0.0,-5.6
40,Jordan Bell\belljo01,C,8.5,350,15.0,9.5,2.1,3.7,13.0,14.2,0.0,-5.5
40,Jordan Bell\belljo01,C,5.6,174,17.7,15.5,0.0,11.8,25.8,11.1,0.0,-5.7
41,DeAndre' Bembry\bembrde01,SF,11.2,570,8.3,15.6,2.6,1.9,21.6,14.6,1.2,-2.1
42,Dāvis Bertāns\bertada01,PF,11.4,620,6.1,4.4,1.0,0.7,5.9,15.9,3.1,-1.0
43,Patrick Beverley\beverpa01,PG,12.0,580,8.0,12.0,1.7,3.0,12.4,14.6,2.1,0.0
44,Saddiq Bey\beysa01,SF,12.6,567,9.3,7.6,1.3,0.6,7.4,18.7,3.3,-0.8
45,Tyler Bey\beyty01,SF,5.9,372,14.7,5.6,0.0,1.3,11.0,16.9,0.0,-9.6
46,Khem Birch\birchkh01,C,15.1,552,13.4,8.5,1.5,3.1,9.2,13.6,3.8,-1.3
46,Khem Birch\birchkh01,C,14.1,517,13.2,8.0,1.6,2.7,8.5,12.2,2.1,-2.2
46,Khem Birch\birchkh01,C,16.8,596,13.7,9.4,1.3,3.8,9.9,15.8,1.7,0.1
47,Goga Bitadze\bitadgo01,C,16.3,523,14.5,8.9,0.8,8.7,7.1,18.1,1.5,-1.2
48,Bismack Biyombo\biyombi01,C,11.7,574,13.9,8.3,0.6,5.4,19.8,11.5,2.3,-3.3
49,Nemanja Bjelica\bjeline01,PF,12.9,554,11.9,16.2,1.2,0.8,13.1,18.4,0.9,-2.5
49,Nemanja Bjelica\bjeline01,PF,12.7,555,12.6,15.3,0.9,0.4,14.3,19.3,0.5,-3.0
49,Nemanja Bjelica\bjeline01,PF,13.3,550,9.9,18.7,2.2,2.0,9.1,15.9,0.4,-1.2
50,Eric Bledsoe\bledser01,SG,11.5,533,6.3,17.3,1.2,1.1,12.3,18.5,2.3,-2.3
51,Keljin Blevins\blevike01,SF,-0.9,300,7.1,6.7,1.3,0.0,20.0,14.3,-0.2,-12.0
52,Bogdan Bogdanović\bogdabo01,SG,17.6,616,6.7,17.6,1.8,0.9,8.5,21.3,3.9,3.8
53,Bojan Bogdanović\bogdabo02,SF,14.0,588,6.7,9.1,1.0,0.1,10.9,22.8,5.2,-0.8
54,Bol Bol\bolbo01,PF,9.4,534,8.5,6.0,0.9,6.1,16.8,21.2,0.0,-4.4
55,Marques Bolden\boldema01,C,13.3,537,11.6,0.0,3.4,6.1,23.5,12.8,0.0,-2.8
56,Jordan Bone\bonejo01,PG,8.9,519,6.4,13.6,0.5,0.0,5.3,12.6,0.2,-4.2
57,Isaac Bonga\bongais01,SF,4.0,461,8.1,6.5,1.2,1.7,20.7,10.2,0.0,-6.4
58,Devin Booker\bookede01,SG,19.2,587,7.0,20.6,1.2,0.6,12.4,32.7,4.9,-0.1
59,Chris Boucher\bouchch01,C,21.9,634,15.3,6.9,1.2,7.6,6.7,20.5,6.1,2.9
60,Brian Bowen\bowenbr02,SF,1.0,338,10.8,0.0,0.0,0.0,0.0,12.6,0.0,-11.5
61,Avery Bradley\bradlav01,SG,6.3,487,5.2,10.8,1.7,0.5,13.6,14.9,-0.1,-5.7
61,Avery Bradley\bradlav01,SG,10.4,607,4.9,10.0,1.6,0.5,11.4,16.9,0.3,-3.2
61,Avery Bradley\bradlav01,SG,4.0,409,5.3,11.2,1.7,0.5,15.0,13.8,-0.4,-7.0
62,Tony Bradley\bradlto01,C,20.7,678,18.6,8.5,1.0,3.9,13.0,15.8,2.7,1.2
62,Tony Bradley\bradlto01,C,21.1,683,19.9,8.7,1.0,4.1,7.0,12.9,1.5,3.1
62,Tony Bradley\bradlto01,C,20.4,676,17.7,8.3,1.1,3.8,16.0,18.0,1.3,-0.1
63,Jarrell Brantley\brantja01,PF,16.6,605,10.4,16.1,2.5,1.2,13.1,19.0,0.5,2.1
64,Ignas Brazdeikis\brazdig01,SF,9.5,510,9.4,10.5,0.8,1.1,11.9,17.6,0.1,-5.7
64,Ignas Brazdeikis\brazdig01,SF,11.2,532,15.5,17.5,0.0,0.0,34.7,18.3,0.0,-4.8
64,Ignas Brazdeikis\brazdig01,SF,-12.0,0,13.8,0.0,0.0,0.0,0.0,16.1,-0.1,-23.2
64,Ignas Brazdeikis\brazdig01,SF,10.2,528,9.1,10.6,0.8,1.2,11.5,17.6,0.1,-5.1
65,Mikal Bridges\bridgmi01,SF,16.4,667,7.5,8.8,1.6,2.4,7.3,14.9,8.0,3.0
66,Miles Bridges\bridgmi02,PF,14.7,625,11.1,11.4,1.1,2.7,13.6,17.3,4.2,0.2
67,Amida Brimah\brimaam01,C,16.6,697,15.0,4.8,0.0,14.0,30.0,19.6,0.0,-4.0
68,Oshae Brissett\brissos01,SF,17.2,638,12.0,4.6,1.7,3.1,5.3,15.6,1.8,0.4
69,Malcolm Brogdon\brogdma01,PG,17.9,561,8.3,25.7,1.2,0.6,9.8,25.9,4.2,1.5
70,Armoni Brooks\brookar01,SG,10.4,565,7.0,8.7,1.1,0.9,10.0,17.9,0.3,-3.3
71,Dillon Brooks\brookdi01,SF,12.1,515,5.2,11.7,1.9,1.2,9.6,26.1,1.4,-3.9
72,Bruce Brown\brownbr01,PG,16.1,604,13.3,9.8,1.9,1.7,10.2,15.9,4.4,-0.3
73,Charlie Brown\brownch02,SG,4.1,422,5.8,8.2,1.3,1.2,11.2,14.9,-0.1,-8.9
74,Jaylen Brown\brownja02,SG,19.9,586,9.7,16.5,1.8,1.5,11.5,29.7,4.8,2.5
75,Moses Brown\brownmo01,C,18.8,572,21.6,1.7,1.6,4.5,11.7,16.9,2.6,-2.6
76,Sterling Brown\brownst02,SG,11.1,597,9.7,8.4,1.5,0.9,10.5,13.5,1.8,-1.7
77,Troy Brown Jr.\browntr01,SF,8.5,525,10.8,7.2,0.9,1.0,12.1,14.0,0.5,-4.3
77,Troy Brown Jr.\browntr01,SF,6.3,471,11.3,8.5,0.5,1.2,14.3,16.1,-0.1,-5.7
77,Troy Brown Jr.\browntr01,SF,11.2,616,10.3,5.6,1.4,0.7,8.0,11.5,0.5,-2.5
78,Jalen Brunson\brunsja01,PG,17.1,618,7.5,21.3,1.0,0.1,10.3,20.2,5.1,0.5
79,Elijah Bryant\bryanel01,SG,10.6,559,9.9,12.6,0.0,2.8,21.8,24.0,0.0,-7.7
80,Thomas Bryant\bryanth01,C,18.7,704,11.9,8.2,0.7,2.5,9.8,17.2,1.0,0.4
81,Reggie Bullock\bullore01,SF,11.1,606,6.2,7.4,1.3,0.5,7.1,14.4,4.6,-0.1
82,Trey Burke\burketr01,PG,12.6,544,3.3,12.9,1.9,0.7,8.0,20.0,1.4,-2.0
83,Alec Burks\burksal01,SG,14.8,564,9.8,13.2,1.2,1.1,8.2,21.3,3.3,0.9
84,Jimmy Butler\butleji01,SF,26.5,607,11.8,35.1,3.1,1.1,10.6,26.6,9.3,7.5
85,Bruno Caboclo\cabocbr01,PF,9.0,475,20.7,4.7,0.0,5.0,18.3,25.8,-0.1,-10.6
86,Devontae Cacok\cacokde01,PF,17.2,576,18.4,1.5,2.5,3.7,12.9,17.2,0.3,-0.7
87,Kentavious Caldwell-Pope\caldwke01,SG,10.7,588,5.3,9.2,1.6,1.2,10.6,14.2,4.2,-0.9
88,Facundo Campazzo\campafa01,PG,11.6,558,5.3,20.2,2.7,1.0,17.1,13.1,3.1,-0.8
89,Vlatko Čančar\cancavl01,PF,9.7,547,10.1,6.4,1.9,0.7,15.3,14.2,0.3,-2.7
90,Devin Cannady\cannade01,PG,11.2,547,3.5,2.1,3.3,1.2,6.0,19.3,0.1,-3.1
91,Clint Capela\capelca01,C,24.3,601,26.1,4.1,1.1,6.0,8.4,19.9,8.2,2.5
92,Vernon Carey Jr.\careyve01,C,11.7,563,12.7,2.6,0.4,4.3,10.9,17.2,0.2,-6.2
93,Jevon Carter\carteje01,PG,12.2,548,7.3,13.0,2.0,1.1,6.6,15.0,1.6,0.5
94,Wendell Carter Jr.\cartewe01,C,16.7,566,17.4,11.2,1.2,2.7,12.7,19.3,3.4,-1.5
94,Wendell Carter Jr.\cartewe01,C,16.3,578,17.5,12.3,1.1,2.6,14.0,19.1,2.1,-1.4
94,Wendell Carter Jr.\cartewe01,C,17.3,549,17.2,9.7,1.4,2.8,11.0,19.5,1.2,-1.8
95,Michael Carter-Williams\cartemi01,SG,9.5,449,9.0,24.3,1.5,1.9,18.4,20.2,-0.5,-4.6
96,Alex Caruso\carusal01,PG,11.1,547,7.9,18.1,2.6,1.1,18.3,14.8,2.4,-0.2
97,Willie Cauley-Stein\caulewi01,C,14.3,647,14.3,5.3,1.1,4.4,11.8,12.0,2.8,-1.6
98,Chris Chiozza\chiozch01,PG,12.9,461,5.7,36.9,1.5,2.3,14.4,21.0,0.3,-1.6
99,Marquese Chriss\chrisma01,PF,11.8,412,25.6,11.0,0.0,6.5,11.3,28.1,0.0,-3.2
100,Gary Clark\clarkga01,SF-PF,6.0,436,9.1,6.4,1.0,1.0,11.1,10.1,0.1,-4.9
100,Gary Clark\clarkga01,SF,6.1,439,9.1,6.4,0.9,1.0,11.2,10.3,0.1,-4.8
100,Gary Clark\clarkga01,SF,2.9,,14.2,0.0,0.0,0.0,,0.0,0.0,-8.3
100,Gary Clark\clarkga01,PF,3.8,0,8.5,9.0,3.7,0.0,0.0,3.3,0.0,-7.9
101,Brandon Clarke\clarkbr01,PF,17.3,560,12.3,9.5,2.0,3.2,5.7,17.2,4.2,1.3
102,Jordan Clarkson\clarkjo01,SG,17.1,549,8.0,15.3,1.6,0.4,9.2,29.7,4.2,1.1
103,Nicolas Claxton\claxtni01,C,16.9,612,15.4,6.4,1.9,5.9,9.4,14.0,1.9,0.3
104,Amir Coffey\coffeam01,SG,10.1,585,6.3,7.4,1.3,0.0,11.1,15.1,0.7,-2.6
105,John Collins\collijo01,PF,20.6,645,13.8,6.9,0.9,3.0,8.9,22.2,6.7,2.1
106,Mike Conley\conlemi01,PG,19.2,589,6.3,30.6,2.3,0.5,12.4,23.1,6.1,4.4
107,Pat Connaughton\connapa01,SG,11.3,578,11.1,6.3,1.5,1.3,7.5,11.6,3.5,-0.4
108,Quinn Cook\cookqu01,PG,12.7,531,6.1,18.3,1.3,0.6,8.9,21.8,0.2,-1.5
108,Quinn Cook\cookqu01,PG,13.8,585,4.5,12.5,0.8,1.4,9.6,21.9,0.1,-1.1
108,Quinn Cook\cookqu01,PG,12.0,496,7.1,22.1,1.6,0.0,8.5,21.7,0.1,-1.8
109,Tyler Cook\cookty01,SF-PF,12.8,659,12.1,5.9,0.9,0.4,15.1,13.9,0.8,-3.0
109,Tyler Cook\cookty01,PF,1.6,333,6.5,14.1,0.0,0.0,25.0,10.3,0.0,-6.8
109,Tyler Cook\cookty01,SF,13.2,667,12.3,5.6,0.9,0.4,14.8,14.1,0.8,-2.9
110,DeMarcus Cousins\couside01,C,16.4,537,20.0,16.3,2.3,3.0,15.8,24.5,1.2,0.7
110,DeMarcus Cousins\couside01,C,14.9,511,20.1,18.0,2.0,3.2,14.2,23.1,0.7,0.4
110,DeMarcus Cousins\couside01,C,20.3,597,19.6,12.4,3.1,2.6,19.3,27.7,0.5,1.4
111,Robert Covington\covinro01,PF,11.2,553,11.1,6.8,2.2,3.4,10.7,11.5,3.7,-0.3
112,Torrey Craig\craigto01,SF,14.2,579,13.7,7.9,1.7,2.9,9.6,14.3,2.2,0.3
112,Torrey Craig\craigto01,SF,10.3,480,11.2,9.5,2.1,3.1,9.6,10.8,0.4,-0.9
112,Torrey Craig\craigto01,SF,15.5,603,14.5,7.4,1.6,2.8,9.5,15.5,1.8,0.8
113,Jae Crowder\crowdja01,PF,11.8,574,9.7,10.0,1.4,1.5,9.5,15.7,3.3,0.8
114,Jarrett Culver\culveja01,SG,8.8,476,11.3,6.8,1.6,1.6,12.9,18.2,-0.1,-6.6
115,Seth Curry\curryse01,SG,12.9,607,4.6,13.6,1.3,0.4,10.0,17.1,4.0,-0.9
116,Stephen Curry\curryst01,PG,26.3,655,8.5,30.5,1.7,0.3,12.2,34.8,9.0,8.1
117,Nate Darling\darlina01,SG,8.2,541,2.1,5.1,0.0,3.8,10.7,15.4,0.0,-4.2
118,Anthony Davis\davisan02,PF,22.1,556,13.8,16.4,1.9,4.5,9.5,29.2,3.7,4.5
119,Ed Davis\davised01,C,13.1,487,20.8,9.0,2.1,3.8,12.4,7.9,0.8,-2.9
120,Terence Davis\daviste02,SG,12.7,555,7.9,11.4,2.0,1.2,11.6,21.8,0.8,-2.0
120,Terence Davis\daviste02,SG,11.1,537,7.4,11.6,1.7,1.4,11.7,21.6,0.3,-3.1
120,Terence Davis\daviste02,SG,14.0,570,8.4,11.3,2.2,1.0,11.5,21.9,0.6,-1.2
121,Gabriel Deck\deckga01,PF,16.1,548,9.8,17.3,1.8,0.0,7.3,16.6,0.5,-0.4
122,Dewayne Dedmon\dedmode01,C,24.5,735,23.4,9.6,2.1,3.0,14.5,19.3,1.1,1.9
123,Matthew Dellavedova\dellama01,PG,7.3,312,6.0,35.3,0.9,0.4,9.4,12.4,0.0,-6.6
124,DeMar DeRozan\derozde01,PF,22.0,591,6.7,32.0,1.3,0.6,9.7,26.1,7.4,3.2
125,Mamadi Diakite\diakima01,PF,12.3,477,12.7,7.0,2.3,3.8,6.1,14.6,0.3,-2.7
126,Hamidou Diallo\diallha01,SG-SF,14.3,541,11.9,13.3,1.6,1.7,12.0,22.2,1.6,-2.3
126,Hamidou Diallo\diallha01,SG,15.0,536,11.3,16.4,1.9,1.4,12.1,22.5,1.0,-1.7
126,Hamidou Diallo\diallha01,SF,13.1,549,12.8,8.3,1.1,2.2,11.7,21.6,0.6,-3.4
127,Gorgui Dieng\dienggo01,C,19.2,670,13.5,12.0,2.3,2.6,14.3,17.4,2.1,3.0
127,Gorgui Dieng\dienggo01,C,19.2,682,14.0,10.6,2.2,3.4,14.8,17.0,1.5,2.6
127,Gorgui Dieng\dienggo01,C,19.0,648,12.3,15.0,2.4,0.9,13.2,18.2,0.7,3.7
128,Spencer Dinwiddie\dinwisp01,SG,10.1,536,11.2,17.6,1.5,1.4,21.2,16.1,0.1,-1.4
129,Donte DiVincenzo\divindo01,SG,13.0,542,11.0,14.2,1.9,0.7,12.5,16.7,3.6,-0.1
130,Luka Dončić\doncilu01,PG,25.3,587,12.8,44.1,1.4,1.5,15.3,36.0,7.7,6.7
131,Luguentz Dort\dortlu01,SG,10.1,513,6.4,8.8,1.4,1.1,10.0,21.7,0.3,-3.7
132,Damyean Dotson\dotsoda01,SG,8.1,499,5.7,15.1,0.9,0.4,12.0,16.9,0.0,-4.8
133,Devon Dotson\dotsode01,PG,19.3,548,5.5,21.4,3.9,0.0,0.0,18.2,0.2,2.1
134,Sekou Doumbouya\doumbse01,PF,6.9,459,9.2,8.0,1.4,0.9,12.4,17.8,-0.2,-7.0
135,PJ Dozier\doziepj01,SG,10.4,501,9.5,11.2,1.4,2.0,10.7,17.2,1.1,-3.0
136,Goran Dragić\dragigo01,PG,13.0,552,7.2,25.9,1.2,0.6,16.2,24.5,1.3,-3.0
137,Andre Drummond\drumman01,C,19.4,519,24.9,13.2,2.5,3.5,15.8,27.6,2.0,-0.9
137,Andre Drummond\drumman01,C,20.5,500,26.1,16.2,2.7,3.6,15.6,31.3,0.6,-0.3
137,Andre Drummond\drumman01,C,17.9,554,23.1,9.0,2.2,3.4,16.0,22.4,1.4,-1.7
138,Jared Dudley\dudleja01,PF,4.4,333,14.6,7.6,0.6,1.1,18.2,5.9,0.1,-4.7
139,Kris Dunn\dunnkr01,PG,-5.7,182,7.3,5.4,2.2,3.9,17.9,16.2,-0.2,-13.9
140,Kevin Durant\duranke01,PF,26.4,666,11.8,27.5,1.0,3.4,14.5,31.2,5.0,6.9
141,Anthony Edwards\edwaran01,SG,13.9,523,7.9,14.6,1.7,1.3,10.7,27.0,0.8,-2.6
142,Carsen Edwards\edwarca01,SG,10.2,527,5.2,7.4,1.2,0.3,5.7,19.3,0.3,-4.8
143,CJ Elleby\ellebcj01,SF,9.4,468,8.9,7.1,1.5,1.4,6.4,17.4,0.1,-5.6
144,Henry Ellenson\ellenhe01,PF,12.8,476,17.4,18.9,0.0,0.0,0.0,17.9,0.1,-2.1
145,Wayne Ellington\ellinwa01,SG,12.2,625,4.7,10.2,0.9,0.8,8.5,16.7,1.9,-0.4
146,Joel Embiid\embiijo01,C,30.3,636,18.7,16.2,1.5,3.9,12.2,35.3,8.8,7.2
147,James Ennis\ennisja01,SF,12.5,613,8.7,9.3,1.6,0.6,11.3,13.9,2.0,-2.1
148,Drew Eubanks\eubandr01,C,17.9,618,17.0,7.9,1.2,5.5,15.2,17.1,2.3,0.0
149,Dante Exum\exumda01,SG,5.9,428,8.2,15.8,1.7,1.5,20.7,12.7,-0.1,-3.1
150,Tacko Fall\fallta01,C,19.6,660,21.3,3.1,0.4,13.7,14.4,13.2,0.5,1.1
151,Derrick Favors\favorde01,C,19.7,663,19.2,6.0,1.5,5.3,11.5,13.0,5.1,2.0
152,Cristiano Felício\feliccr01,C,14.7,574,17.2,13.6,2.3,0.0,16.6,12.4,0.3,-0.3
153,Terrance Ferguson\fergute01,SG,-7.1,143,1.1,4.9,1.0,0.0,36.4,9.7,-0.2,-14.8
154,Bruno Fernando\fernabr01,C,6.2,475,18.9,5.8,0.9,1.2,28.1,14.4,-0.1,-7.0
155,Yogi Ferrell\ferreyo01,PG,14.4,459,7.8,22.9,2.5,2.0,4.7,20.7,0.3,-0.6
155,Yogi Ferrell\ferreyo01,PG,12.4,434,9.8,20.9,3.7,2.2,12.1,27.1,0.0,-1.5
155,Yogi Ferrell\ferreyo01,PG,15.3,473,7.0,23.7,2.1,1.9,0.0,18.0,0.3,-0.2
156,Dorian Finney-Smith\finnedo01,PF,12.0,609,9.3,7.2,1.3,1.2,9.0,12.2,4.4,-0.1
157,Malik Fitts\fittsma01,PF,2.9,500,15.3,0.0,0.0,0.0,0.0,12.1,0.0,-10.2
158,Malachi Flynn\flynnma01,PG,10.9,484,6.9,21.4,2.0,0.8,10.5,19.0,0.8,-2.8
159,Bryn Forbes\forbebr01,SG,12.8,631,4.3,4.5,0.8,0.1,7.3,18.5,2.7,-1.4
160,Trent Forrest\forretr01,PG,11.2,554,7.7,19.9,1.5,1.1,20.9,14.3,0.7,-2.2
161,Evan Fournier\fournev01,SF-SG,16.7,598,5.4,18.6,1.8,1.4,10.8,23.1,2.8,1.0
161,Evan Fournier\fournev01,SF,18.2,604,4.9,20.9,1.7,1.0,11.3,26.2,1.7,1.3
161,Evan Fournier\fournev01,SG,14.1,584,6.3,14.9,2.1,2.0,9.6,18.0,1.1,0.5
162,De'Aaron Fox\foxde01,PG,20.7,565,5.5,32.7,2.1,1.1,11.9,31.0,4.2,1.4
163,Robert Franks\frankro01,PF,16.5,638,7.2,7.4,1.4,2.7,5.6,15.3,0.3,-0.3
164,Tim Frazier\fraziti01,PG,-0.5,177,6.8,30.8,1.5,1.5,15.0,18.1,-0.2,-12.9
165,Markelle Fultz\fultzma01,PG,12.0,458,6.0,33.1,1.8,0.8,13.8,26.2,-0.1,-4.6
166,Wenyen Gabriel\gabriwe01,PF,9.8,533,12.2,5.9,1.8,3.1,18.2,14.4,0.3,-3.3
167,Daniel Gafford\gaffoda01,PF-C,22.2,697,15.8,5.3,1.5,8.1,13.1,16.7,3.5,2.5
167,Daniel Gafford\gaffoda01,PF,18.8,700,14.9,6.2,1.4,7.7,17.3,14.4,1.5,0.5
167,Daniel Gafford\gaffoda01,C,25.4,696,16.6,4.4,1.7,8.4,10.2,18.9,2.0,4.4
168,Danilo Gallinari\gallida01,PF,16.3,613,9.5,9.2,1.2,0.7,7.2,21.2,3.7,0.9
169,Langston Galloway\gallola01,SG,12.1,605,5.4,8.0,0.9,0.0,7.6,17.3,0.9,-1.4
170,Darius Garland\garlada01,PG,14.2,547,4.0,30.9,1.8,0.3,16.0,24.9,1.2,-1.6
171,Marc Gasol\gasolma01,C,12.2,606,12.2,14.7,1.3,5.2,19.7,11.8,2.8,2.1
172,Rudy Gay\gayru01,PF,14.7,532,11.9,9.7,1.6,2.5,8.8,23.6,1.7,-0.3
173,Paul George\georgpa01,SF,20.5,598,11.1,24.6,1.7,1.2,14.5,30.0,5.3,3.7
174,Taj Gibson\gibsota01,PF,16.0,661,14.5,5.4,1.7,5.0,10.8,9.7,3.8,1.4
175,Harry Giles\gilesha01,C,12.4,496,20.4,11.3,1.1,3.3,15.5,15.9,0.5,-3.6
176,Shai Gilgeous-Alexander\gilgesh01,SG,21.6,623,7.3,31.2,1.1,1.7,13.7,27.8,3.5,3.8
177,Anthony Gill\gillan01,PF,13.7,597,12.4,6.7,2.1,1.5,10.7,14.2,0.6,-1.2
178,Freddie Gillespie\gillefr01,PF,13.4,563,13.6,3.2,1.6,5.1,10.9,12.2,0.9,-3.2
179,Rudy Gobert\goberru01,C,23.5,683,23.3,6.0,0.9,7.0,13.7,17.0,11.3,4.5
180,Brandon Goodwin\goodwbr01,PG,9.2,471,6.1,21.6,1.3,0.0,13.0,19.5,0.2,-3.5
181,Aaron Gordon\gordoaa01,PF,14.5,547,11.1,17.8,1.2,2.3,14.7,20.7,1.9,0.0
181,Aaron Gordon\gordoaa01,PF,14.9,537,11.7,23.0,1.1,2.5,16.5,23.8,0.6,0.6
181,Aaron Gordon\gordoaa01,PF,14.1,564,10.3,11.8,1.3,2.1,11.7,17.2,1.3,-0.6
182,Eric Gordon\gordoer01,SG,14.4,577,3.9,14.6,0.8,1.5,10.9,25.2,0.8,-0.6
183,Devonte' Graham\grahade01,PG,14.6,552,4.8,26.3,1.4,0.4,10.2,21.4,3.4,0.5
184,Jerami Grant\grantje01,SF,16.9,556,7.6,14.3,0.9,2.8,9.1,28.5,3.2,0.9
185,Danny Green\greenda02,SF,12.1,582,7.4,8.3,2.3,2.6,10.7,14.0,4.6,1.5
186,Draymond Green\greendr01,PF,13.3,530,12.1,36.4,2.5,2.3,31.0,13.1,4.6,1.5
187,JaMychal Green\greenja01,PF,13.6,590,14.0,6.4,1.1,1.9,11.7,17.6,2.6,-2.0
188,Javonte Green\greenja02,SG-PG,12.1,610,8.3,4.8,2.9,1.1,13.7,12.6,1.1,-0.8
188,Javonte Green\greenja02,SG,11.8,624,8.4,4.3,2.5,0.5,13.4,12.1,0.8,-0.9
188,Javonte Green\greenja02,PG,13.1,579,8.2,6.1,3.8,2.7,14.5,14.0,0.3,-0.4
189,Jeff Green\greenje02,C,13.0,624,7.9,7.8,0.9,1.3,8.2,15.6,4.1,-1.0
190,Josh Green\greenjo02,SG,8.8,490,9.7,8.3,1.8,0.6,14.2,11.9,0.5,-3.7
191,Blake Griffin\griffbl01,PF,12.9,546,10.5,17.0,1.3,1.1,11.8,19.3,2.0,-1.0
191,Blake Griffin\griffbl01,PF,9.8,491,9.2,18.4,1.1,0.3,11.4,19.6,0.3,-2.6
191,Blake Griffin\griffbl01,PF,16.3,610,11.9,15.5,1.6,2.0,12.3,18.9,1.7,0.6
192,Kyle Guy\guyky01,PG,8.5,449,8.3,17.9,1.2,0.0,10.2,19.7,-0.1,-6.4
193,Rui Hachimura\hachiru01,PF,11.4,549,9.2,6.3,1.1,0.3,8.6,18.1,2.1,-3.5
194,Ashton Hagans\haganas01,PG,-12.4,,0.0,0.0,0.0,0.0,100.0,10.5,0.0,-21.7
195,Tyrese Haliburton\halibty01,PG,16.2,585,5.5,24.6,2.1,1.4,12.5,18.1,3.5,1.1
196,Donta Hall\halldo01,PF,22.3,731,18.0,9.4,1.4,5.1,13.8,14.0,0.8,2.2
197,Josh Hall\halljo01,SF,1.0,363,9.1,11.6,0.6,0.3,17.4,18.1,-0.9,-12.1
198,R.J. Hampton\hamptrj01,SG-PG,11.1,507,10.7,15.2,1.2,1.0,13.2,19.6,0.4,-3.8
198,R.J. Hampton\hamptrj01,PG,7.7,490,12.2,7.7,1.1,0.8,14.4,14.3,0.1,-5.6
198,R.J. Hampton\hamptrj01,SG,12.3,511,10.2,17.8,1.2,1.1,12.9,21.5,0.2,-3.2
199,Tim Hardaway Jr.\hardati02,SG,15.7,589,6.4,9.8,0.8,0.5,6.1,23.4,4.3,0.1
200,James Harden\hardeja01,PG-SG,24.5,618,11.9,44.4,1.6,1.8,16.8,28.4,7.0,6.8
200,James Harden\hardeja01,SG,22.4,613,7.5,46.9,1.1,1.8,17.4,28.7,1.0,4.6
200,James Harden\hardeja01,PG,25.0,619,12.9,43.8,1.7,1.8,16.7,28.4,6.0,7.2
201,Maurice Harkless\harklma01,PF-SF,8.1,527,6.4,7.3,1.9,2.3,10.7,11.5,0.6,-4.0
201,Maurice Harkless\harklma01,SF,4.6,540,6.0,7.3,0.8,3.4,17.8,6.1,0.1,-3.0
201,Maurice Harkless\harklma01,PF,8.8,526,6.5,7.3,2.1,2.1,10.1,12.6,0.5,-4.2
202,Jared Harper\harpeja01,PG,-10.8,260,6.8,7.7,0.0,0.0,34.2,24.4,-0.1,-22.8
203,Montrezl Harrell\harremo01,C,22.7,650,15.2,7.7,1.4,2.8,9.4,21.7,7.3,2.7
204,Gary Harris\harriga01,SG,9.1,511,4.0,10.3,1.3,1.0,8.9,16.7,0.7,-4.7
204,Gary Harris\harriga01,SG,9.3,544,4.6,7.1,1.4,0.7,7.6,13.8,0.8,-3.6
204,Gary Harris\harriga01,SG,9.0,485,3.3,14.0,1.1,1.3,9.9,20.2,0.0,-6.0
205,Jalen Harris\harrija01,SG,15.2,632,5.8,16.0,2.3,0.0,15.6,22.6,0.3,0.6
206,Joe Harris\harrijo01,SF,14.1,663,6.4,8.4,1.0,0.6,7.8,16.2,5.2,0.2
207,Tobias Harris\harrito02,PF,20.0,597,11.5,17.6,1.3,2.3,9.5,23.9,7.1,3.4
208,Shaquille Harrison\harrish01,SG,6.8,416,8.1,9.5,2.5,1.5,11.1,12.9,0.2,-4.6
208,Shaquille Harrison\harrish01,SG,6.5,375,8.5,21.5,1.7,0.0,18.1,21.3,0.0,-7.9
208,Shaquille Harrison\harrish01,SG,6.9,431,8.0,7.1,2.7,1.8,8.4,11.2,0.2,-4.0
209,Josh Hart\hartjo01,SF,12.2,566,15.2,10.6,1.4,0.8,11.3,13.5,2.7,-1.1
210,Isaiah Hartenstein\harteis01,C,17.9,583,18.2,15.3,1.7,6.5,17.9,19.2,1.6,-1.4
210,Isaiah Hartenstein\harteis01,C,15.5,543,17.7,7.5,2.0,7.2,18.0,18.7,0.7,-4.3
210,Isaiah Hartenstein\harteis01,C,20.3,620,18.7,22.8,1.4,5.9,17.8,19.6,0.9,1.3
211,Udonis Haslem\hasleud01,C,54.6,1.000,19.1,0.0,0.0,0.0,0.0,30.1,0.0,31.1
212,Jaxson Hayes\hayesja02,C,19.1,675,14.5,5.2,1.2,3.7,10.5,16.2,3.5,0.5
213,Killian Hayes\hayeski01,PG,5.3,422,5.7,29.7,2.0,1.3,28.5,19.0,-1.1,-7.3
214,Gordon Hayward\haywago01,SF,17.6,584,9.3,19.5,1.7,0.9,11.0,23.9,3.5,1.4
215,Juan Hernangómez\hernaju01,PF,12.1,549,12.3,5.6,1.0,0.7,7.3,17.2,1.1,-3.3
216,Willy Hernangómez\hernawi01,C,19.6,591,21.4,8.5,1.2,2.6,9.9,17.0,2.9,-0.1
217,Tyler Herro\herroty01,SG,13.3,543,9.4,18.0,1.1,1.1,11.9,23.5,1.7,-1.6
218,Buddy Hield\hieldbu01,SG,12.8,567,7.6,14.7,1.2,1.0,11.1,20.7,2.2,-0.8
219,George Hill\hillge01,PG,13.1,596,4.9,16.0,1.6,0.7,12.4,15.9,1.4,-1.4
219,George Hill\hillge01,PG,15.9,630,4.1,18.2,1.5,0.5,8.4,16.5,1.0,0.4
219,George Hill\hillge01,PG,9.7,545,5.8,13.3,1.8,0.9,17.8,15.2,0.4,-3.7
220,Solomon Hill\hillso01,PF,6.7,498,7.7,6.4,1.6,0.6,11.7,10.4,1.3,-2.8
221,Nate Hinton\hintona01,SG,10.4,442,5.3,12.4,3.7,2.0,9.7,24.4,0.0,-4.2
222,Jaylen Hoard\hoardja01,SF,13.4,547,10.6,11.2,1.9,1.4,13.8,16.3,0.5,-2.6
223,Aaron Holiday\holidaa01,PG,9.2,503,4.1,14.0,1.8,0.9,12.3,19.5,0.2,-4.1
224,Jrue Holiday\holidjr01,PG,20.0,592,7.4,26.3,2.4,1.7,12.6,22.2,6.6,3.5
225,Justin Holiday\holidju01,SG,10.4,571,6.4,7.0,1.6,1.5,7.5,14.0,3.1,-1.1
226,Rondae Hollis-Jefferson\holliro01,PF,14.4,539,13.0,15.7,0.9,3.4,7.4,10.9,0.3,-0.6
227,Richaun Holmes\holmeri01,C,20.2,669,15.7,8.3,1.1,4.6,10.3,17.5,6.1,0.3
228,Rodney Hood\hoodro01,SF,5.6,452,5.9,7.5,1.2,0.7,11.7,14.1,-0.4,-7.1
228,Rodney Hood\hoodro01,SF,5.0,436,5.4,8.5,1.3,0.5,13.1,14.1,-0.5,-7.6
228,Rodney Hood\hoodro01,SF,7.5,500,7.6,3.8,0.9,1.4,7.0,14.2,0.1,-5.4
229,Al Horford\horfoal01,C,17.4,538,12.5,20.1,1.5,2.9,7.3,21.6,1.6,3.3
230,Talen Horton-Tucker\hortota01,SG,12.9,536,7.3,20.8,2.4,1.4,16.1,21.7,2.1,-1.2
231,Danuel House\houseda01,SF,9.1,525,7.5,10.6,1.0,1.5,10.7,15.3,0.5,-3.1
232,Dwight Howard\howardw01,C,17.8,610,26.7,7.2,1.2,4.7,22.1,18.2,4.0,-1.9
233,Markus Howard\howarma02,SG,6.4,477,5.8,12.6,1.0,0.5,14.1,27.2,-0.3,-9.0
234,Kevin Huerter\huertke01,SG,12.2,541,6.0,16.3,1.9,0.7,9.4,17.2,3.6,-0.6
235,Elijah Hughes\hugheel01,SF,8.4,488,7.5,13.4,0.8,1.3,15.9,25.4,0.0,-3.7
236,De'Andre Hunter\huntede01,SF,15.7,603,8.9,9.7,1.4,1.6,9.2,20.2,1.7,0.8
237,Chandler Hutchison\hutchch01,SF,6.8,469,12.1,6.3,1.6,1.2,14.9,16.2,-0.1,-6.1
237,Chandler Hutchison\hutchch01,SF,0.4,344,17.3,7.9,0.8,0.0,20.9,16.2,-0.1,-10.9
237,Chandler Hutchison\hutchch01,SF,8.2,494,10.9,6.0,1.8,1.5,13.6,16.2,0.1,-5.0
238,Serge Ibaka\ibakase01,C,18.2,585,16.2,11.5,0.5,4.4,10.2,20.1,3.0,0.8
239,Andre Iguodala\iguodan01,SF,9.2,519,9.4,14.3,2.1,2.7,20.2,11.2,1.7,-0.7
240,Ersan İlyasova\ilyaser01,PF,12.1,578,10.4,3.8,3.3,1.6,12.5,18.7,0.4,-1.2
241,Joe Ingles\inglejo01,SF,15.9,672,6.9,24.0,1.2,0.5,16.3,16.6,7.0,3.4
242,Brandon Ingram\ingrabr01,SF,19.2,584,7.8,22.4,1.0,1.6,11.0,28.0,5.3,2.2
243,Kyrie Irving\irvinky01,PG,24.4,614,7.5,28.6,1.9,1.7,9.9,30.4,7.4,5.3
244,Wesley Iwundu\iwundwe01,SF,4.3,428,9.1,4.2,1.4,0.7,14.1,10.8,0.0,-6.6
244,Wesley Iwundu\iwundwe01,SF,4.9,421,8.4,4.4,1.5,1.0,9.4,9.9,0.1,-5.1
244,Wesley Iwundu\iwundwe01,SF,3.7,435,9.9,3.9,1.1,0.4,18.4,11.8,-0.1,-8.2
245,Frank Jackson\jacksfr01,PG,13.3,598,6.5,7.9,1.0,0.1,9.4,21.3,1.2,-2.1
246,Jaren Jackson Jr.\jacksja02,C,18.0,551,12.7,6.8,2.2,6.3,9.5,25.9,0.7,-0.1
247,Josh Jackson\jacksjo02,SG,12.0,516,9.1,15.1,1.7,2.6,15.0,26.5,0.1,-3.3
248,Justin Jackson\jacksju01,SF,10.4,516,6.9,13.9,1.2,0.3,11.9,19.8,0.2,-3.2
248,Justin Jackson\jacksju01,SF,10.7,519,6.8,14.5,1.3,0.3,12.0,20.2,0.2,-2.9
248,Justin Jackson\jacksju01,SF,5.8,455,9.6,3.6,0.0,0.0,9.2,13.8,0.0,-8.4
249,Reggie Jackson\jacksre01,SG,14.2,576,7.0,19.0,1.3,0.4,10.6,19.9,3.7,0.1
250,Justin James\jamesju01,SF,11.3,548,5.4,9.9,1.2,0.8,10.6,19.7,0.1,-4.5
251,LeBron James\jamesle01,PG,24.2,602,12.9,41.8,1.6,1.5,15.2,31.9,5.6,7.5
252,Mike James\jamesmi02,PG,11.9,481,7.5,30.6,1.2,0.4,16.1,22.9,0.1,-4.5
253,DaQuan Jeffries\jeffrda01,SG,7.9,514,7.8,6.1,1.4,1.8,10.2,11.9,0.3,-5.0
253,DaQuan Jeffries\jeffrda01,SG,7.2,524,6.9,3.3,1.4,1.5,11.8,12.6,0.0,-5.6
253,DaQuan Jeffries\jeffrda01,SG,8.5,504,8.6,8.6,1.5,2.1,8.6,11.3,0.2,-4.4
254,Ty Jerome\jeromty01,SG,13.4,585,6.0,23.7,1.2,0.7,13.5,18.8,1.3,-0.3
255,Isaiah Joe\joeis01,SG,9.5,533,5.2,7.2,1.5,0.9,7.1,17.4,0.6,-3.5
256,Alize Johnson\johnsal02,PF,23.5,638,26.3,10.9,1.3,2.3,10.9,19.1,0.9,2.6
257,Cameron Johnson\johnsca02,PF,11.8,563,7.9,8.0,1.3,1.0,7.3,17.0,2.6,-0.6
258,James Johnson\johnsja01,PF,11.4,510,9.3,12.9,2.0,3.8,13.2,17.1,1.2,-1.5
258,James Johnson\johnsja01,PF,12.2,526,9.4,13.7,2.3,4.2,14.6,16.2,0.8,0.1
258,James Johnson\johnsja01,PF,10.6,498,9.2,12.2,1.6,3.3,12.1,18.0,0.4,-3.1
259,Keldon Johnson\johnske04,SF,13.8,557,11.1,8.9,1.0,1.0,9.0,19.2,3.3,-1.9
260,Stanley Johnson\johnsst04,PF,8.8,519,8.4,12.0,2.5,1.8,17.4,13.4,1.0,-2.6
261,Tyler Johnson\johnsty01,SG,8.2,546,6.2,8.7,1.0,0.0,8.1,13.3,0.7,-3.8
262,Nikola Jokić\jokicni01,C,31.3,647,17.8,40.4,1.9,1.9,13.1,29.6,15.6,11.7
263,Damian Jones\jonesda03,C,14.6,712,12.3,7.0,1.0,4.6,16.8,12.3,1.6,-1.4
263,Damian Jones\jonesda03,C,6.7,528,10.9,5.3,0.5,4.8,22.4,12.7,0.1,-6.1
263,Damian Jones\jonesda03,C,17.1,965,13.0,1.3,0.4,5.6,18.3,10.6,0.5,0.2
263,Damian Jones\jonesda03,C,15.9,691,12.5,9.4,1.3,4.2,14.9,12.7,0.9,-0.6
264,Derrick Jones Jr.\jonesde02,SF,11.9,576,8.3,4.8,1.4,3.7,8.5,12.3,2.4,-1.9
265,Mason Jones\jonesma05,SG,12.1,556,8.8,18.9,1.0,0.3,16.1,23.0,0.2,-2.4
265,Mason Jones\jonesma05,SG,11.1,546,8.9,19.1,0.9,0.3,16.8,23.1,0.0,-3.0
265,Mason Jones\jonesma05,SG,23.5,662,8.2,16.6,1.8,0.0,7.6,20.8,0.2,4.2
266,Tre Jones\jonestr01,PG,12.1,544,4.2,20.0,1.4,0.0,13.1,16.1,0.4,-3.4
267,Tyus Jones\jonesty01,PG,15.0,511,6.1,28.6,2.5,0.4,10.0,16.6,2.8,0.4
268,DeAndre Jordan\jordade01,C,17.1,736,18.9,10.1,0.7,4.6,22.7,13.1,3.9,0.7
269,Cory Joseph\josepco01,PG,12.5,556,6.1,21.4,2.0,1.1,14.5,16.3,2.1,-2.1
269,Cory Joseph\josepco01,PG,9.9,534,5.8,14.9,2.0,0.8,14.0,14.3,0.7,-3.7
269,Cory Joseph\josepco01,PG,17.3,588,6.6,33.7,2.1,1.6,15.3,19.9,1.4,0.8
270,Mfiondu Kabengele\kabenmf01,PF,9.5,486,12.0,8.7,1.4,4.1,13.3,17.7,0.2,-4.5
270,Mfiondu Kabengele\kabenmf01,PF,1.4,390,8.4,6.9,1.1,2.8,14.8,19.2,-0.1,-10.9
270,Mfiondu Kabengele\kabenmf01,PF,13.7,538,13.8,9.7,1.6,4.8,12.5,16.9,0.3,-1.3
271,Frank Kaminsky\kaminfr01,C,15.8,547,14.9,15.3,1.0,2.1,7.2,19.0,2.0,1.1
272,Enes Kanter\kanteen01,C,22.4,636,24.2,7.2,0.9,2.4,11.0,17.4,7.5,0.2
273,Luke Kennard\kennalu01,SG,12.7,608,7.3,11.9,0.9,0.7,10.1,17.1,2.7,-0.6
274,Louis King\kinglo02,SF,21.2,600,11.8,15.4,4.0,3.0,9.8,20.6,0.3,5.0
275,Maxi Kleber\klebima01,PF,10.6,606,10.7,6.6,0.9,2.4,9.3,10.6,2.9,-0.7
276,Nathan Knight\knighna01,PF,13.9,499,14.1,4.0,1.6,3.2,10.8,21.7,0.4,-3.8
277,Kevin Knox\knoxke01,SF,9.1,537,7.1,5.9,1.3,1.2,10.1,16.2,0.6,-1.7
278,John Konchar\konchjo01,SG,14.8,608,11.8,10.7,2.5,1.4,10.6,12.4,1.7,0.9
279,Furkan Korkmaz\korkmfu01,SG,12.8,544,5.9,11.1,2.2,0.8,9.1,20.5,2.0,-0.3
280,Luke Kornet\kornelu01,C-PF,13.3,511,10.7,9.5,0.6,8.5,6.3,13.7,0.7,0.6
280,Luke Kornet\kornelu01,PF,9.8,452,8.8,5.5,1.0,6.5,3.4,13.7,0.1,0.5
280,Luke Kornet\kornelu01,C,14.5,534,11.4,10.9,0.4,9.2,7.4,13.7,0.6,0.6
281,Rodions Kurucs\kurucro01,SF-PF,6.3,459,9.8,10.3,3.4,2.9,27.8,15.9,-0.1,-4.6
281,Rodions Kurucs\kurucro01,PF,7.7,500,10.4,15.1,0.0,0.0,0.0,8.2,0.0,-0.8
281,Rodions Kurucs\kurucro01,SF,0.8,297,7.8,7.1,3.8,4.8,29.1,17.5,-0.3,-8.3
281,Rodions Kurucs\kurucro01,SF,17.9,845,13.9,15.0,4.1,0.0,31.1,15.9,0.1,2.0
282,Kyle Kuzma\kuzmaky01,SF,12.7,546,12.0,9.8,0.9,1.9,12.4,20.3,3.3,-0.7
283,Anthony Lamb\lamban01,SF,8.7,523,9.0,7.9,0.7,1.1,13.0,15.0,0.2,-5.8
284,Jeremy Lamb\lambje01,SG,15.8,587,9.3,9.4,2.1,2.4,6.6,18.4,2.1,1.3
285,Romeo Langford\langfro01,SG,5.1,436,6.9,5.9,1.0,1.7,13.5,11.3,0.0,-5.0
286,Zach LaVine\lavinza01,SG,21.5,634,7.9,23.4,1.1,1.2,13.9,31.0,5.9,3.7
287,Jake Layman\laymaja01,SF,11.4,577,5.8,6.4,2.2,2.6,11.5,15.1,0.7,-2.7
288,T.J. Leaf\leaftj01,PF,11.2,551,7.6,4.0,2.8,2.6,15.5,15.8,0.0,-3.2
289,Jalen Lecque\lecquja01,PG,4.7,242,22.6,20.6,0.0,0.0,0.0,36.6,-0.1,-13.1
290,Damion Lee\leeda03,SG,11.8,636,8.9,9.1,1.7,0.7,9.3,12.8,2.7,-0.3
291,Saben Lee\leesa01,PG,13.8,536,6.9,33.2,2.0,1.5,18.1,17.0,1.5,-1.9
292,Alex Len\lenal01,C,16.4,643,14.1,7.0,0.9,5.6,14.3,16.3,2.7,-0.6
292,Alex Len\lenal01,C,4.3,633,8.0,5.2,0.6,7.9,38.8,11.7,-0.1,-5.6
292,Alex Len\lenal01,C,17.5,643,14.6,7.2,1.0,5.4,12.9,16.7,2.8,-0.2
293,Kawhi Leonard\leonaka01,SF,26.0,622,10.7,24.9,2.3,1.1,9.2,28.6,8.8,6.7
294,Meyers Leonard\leoname01,C,6.6,635,13.8,9.7,0.0,0.0,20.2,15.4,0.0,-4.4
295,Caris LeVert\leverca01,SG,17.8,531,7.8,25.4,2.1,1.7,10.2,28.7,2.4,-0.1
295,Caris LeVert\leverca01,SG,19.1,516,8.6,34.1,1.9,1.6,10.8,31.5,0.6,0.6
295,Caris LeVert\leverca01,SG,17.4,535,7.6,22.9,2.2,1.7,10.1,27.9,1.8,-0.3
296,Kira Lewis Jr.\lewiski01,PG,10.3,477,4.3,18.7,2.0,1.0,8.6,18.3,0.9,-3.8
297,Damian Lillard\lillada01,PG,25.6,623,6.3,34.6,1.3,0.6,11.6,31.4,10.4,5.9
298,Nassir Little\littlna01,PF,11.6,589,10.7,4.9,0.4,1.8,8.8,13.8,1.1,-3.1
299,Kevon Looney\looneke01,C,11.9,575,14.8,13.4,0.8,1.7,14.5,9.4,3.4,-1.5
300,Brook Lopez\lopezbr01,C,15.4,611,9.6,3.5,1.0,4.8,8.3,16.9,5.3,0.0
301,Robin Lopez\lopezro01,C,16.7,661,10.6,5.9,0.5,2.7,13.4,17.1,3.7,-1.1
302,Didi Louzada\louzama01,SF,-0.9,308,2.9,6.5,1.7,0.0,18.8,12.0,-0.1,-9.8
303,Kevin Love\loveke01,PF,15.1,556,16.7,16.0,1.3,0.3,12.2,21.9,0.9,0.0
304,Kyle Lowry\lowryky01,PG,16.5,593,8.5,31.8,1.4,0.9,15.9,21.4,4.1,1.2
305,Timothé Luwawu-Cabarrot\luwawti01,SF,7.8,493,6.8,8.6,1.5,0.5,10.3,17.4,0.3,-4.9
306,Trey Lyles\lylestr01,PF,11.4,574,12.8,5.3,0.8,0.2,5.7,12.9,0.6,-1.9
307,Will Magnay\magnawi01,C,-35.1,0,0.0,0.0,0.0,0.0,50.0,28.0,0.0,-39.6
308,Thon Maker\makerth01,C,18.6,657,13.3,7.9,1.3,4.7,11.6,14.8,0.3,1.5
309,Théo Maledon\maledth01,PG,8.2,489,6.2,18.8,1.5,0.5,17.3,19.4,-0.8,-5.2
310,Karim Mané\maneka01,PG,1.3,362,8.3,6.0,0.0,2.1,16.5,8.9,-0.1,-9.9
311,Terance Mann\mannte01,SG,13.8,603,10.8,11.3,1.1,0.9,9.3,15.1,3.7,-0.1
312,Nico Mannion\mannini01,PG,9.3,487,6.7,25.6,2.1,0.2,19.7,18.5,0.2,-4.1
313,Boban Marjanović\marjabo01,C,22.6,562,26.0,5.9,0.4,2.1,8.0,24.6,1.0,-1.1
314,Lauri Markkanen\markkla01,PF,15.2,619,11.3,5.0,1.0,1.0,8.5,20.2,3.0,0.0
315,Naji Marshall\marshna01,SF,11.4,508,11.5,16.5,1.8,1.4,13.6,16.8,0.9,-1.2
316,Caleb Martin\martica02,SF,9.5,465,9.3,11.5,2.2,1.5,10.4,16.7,0.5,-3.7
317,Cody Martin\martico01,SF,10.6,500,10.3,13.9,2.1,1.4,16.2,12.5,1.1,-2.2
318,Jeremiah Martin\martije02,PG,1.4,313,5.2,7.9,3.3,2.4,14.6,23.9,-0.3,-9.7
319,Kelan Martin\martike03,SF,13.9,551,13.1,7.5,1.5,2.5,10.1,20.9,0.4,-2.3
320,Kenyon Martin Jr.\martike04,SF,14.6,590,12.1,6.8,1.3,3.4,9.7,15.6,2.2,-1.8
321,Frank Mason III\masonfr01,PG,7.5,462,7.9,22.3,0.0,0.0,15.6,17.5,0.0,-9.2
322,Garrison Mathews\mathega01,SG,9.7,635,4.4,3.1,1.3,0.6,3.5,11.5,2.3,-2.3
323,Dakota Mathias\mathida01,SG,9.8,474,3.1,15.1,0.4,2.2,1.9,18.1,0.2,-3.6
324,Wesley Matthews\matthwe02,SG,7.2,517,4.6,6.3,1.6,1.3,8.8,11.4,1.7,-2.4
325,Tyrese Maxey\maxeyty01,SG,14.5,531,6.1,19.9,1.3,1.2,8.2,23.0,1.9,-1.9
326,Skylar Mays\mayssk01,SG,16.8,569,7.1,16.4,2.6,0.7,7.6,19.1,0.8,1.6
327,Patrick McCaw\mccawpa01,SF,12.0,1.078,5.0,15.2,2.9,0.0,0.0,3.0,0.1,1.0
328,CJ McCollum\mccolcj01,SG,20.8,577,6.2,23.0,1.3,1.2,6.5,27.1,4.7,3.3
329,T.J. McConnell\mccontj01,PG,16.9,583,7.7,34.3,3.4,1.0,20.9,15.3,4.8,1.5
330,Jaden McDaniels\mcdanja02,PF,8.9,552,8.3,6.4,1.1,3.4,10.8,12.0,1.4,-3.8
331,Jalen McDaniels\mcdanja01,SF,11.4,554,10.1,8.6,1.5,2.1,12.6,17.0,1.2,-3.3
332,Doug McDermott\mcderdo01,PF,15.6,635,7.4,7.8,0.6,0.3,7.0,20.0,3.8,-0.5
333,Sean McDermott\mcderse01,SF,7.2,534,6.4,3.1,0.6,1.7,9.9,10.8,0.2,-5.1
334,JaVale McGee\mcgeeja01,C,17.0,541,19.8,9.7,1.4,7.3,16.2,23.9,1.0,-2.1
334,JaVale McGee\mcgeeja01,C,18.4,554,18.9,11.4,1.6,7.1,15.8,24.6,0.8,-0.8
334,JaVale McGee\mcgeeja01,C,12.9,498,22.4,4.8,0.8,7.8,17.2,21.8,0.2,-6.1
335,Rodney McGruder\mcgruro01,SG,16.1,619,6.3,13.6,2.0,0.4,8.7,18.1,0.5,0.7
336,Alfonzo McKinnie\mckinal01,SF,15.5,604,11.8,3.6,1.3,0.0,4.7,17.8,0.8,-0.8
337,Jordan McLaughlin\mclaujo01,PG,12.0,502,6.2,28.0,2.6,0.6,16.7,13.7,1.2,-2.2
338,Ben McLemore\mclembe01,SG,8.5,523,6.0,6.4,1.2,0.9,9.8,20.4,0.2,-4.0
338,Ben McLemore\mclembe01,SG,8.3,500,6.6,7.8,1.8,0.5,10.5,21.1,-0.2,-4.4
338,Ben McLemore\mclembe01,SG,8.8,559,5.2,4.3,0.4,1.5,8.5,19.4,0.5,-3.5
339,Nicolò Melli\mellini01,PF,7.9,441,11.8,9.8,1.2,0.5,7.3,12.5,0.6,-3.6
339,Nicolò Melli\mellini01,PF,5.8,346,12.8,12.7,1.8,0.4,10.1,12.1,0.0,-4.4
339,Nicolò Melli\mellini01,PF,9.4,506,11.0,7.7,0.8,0.6,5.3,12.9,0.5,-2.9
340,De'Anthony Melton\meltode01,PG,15.2,568,8.2,17.5,2.7,2.7,13.7,19.5,2.2,2.0
341,Sam Merrill\merrisa01,SG,11.9,603,6.8,11.4,1.6,0.4,11.9,15.0,0.5,-1.4
342,Chimezie Metu\metuch01,C,14.5,571,12.7,8.2,1.4,3.1,12.8,20.0,0.6,-3.9
343,Khris Middleton\middlkh01,SF,18.2,588,9.4,23.2,1.5,0.4,13.1,25.0,6.4,1.3
344,Darius Miller\milleda01,SF,15.9,685,6.3,15.4,3.1,2.3,13.1,13.2,0.6,3.9
345,Patty Mills\millspa02,PG,11.8,570,3.7,13.5,1.2,0.2,9.3,18.4,2.2,-1.6
346,Paul Millsap\millspa01,PF,16.4,565,12.8,11.6,2.2,3.0,10.3,18.6,3.2,0.5
347,Shake Milton\miltosh01,SG,14.6,549,5.6,20.3,1.3,1.1,12.2,24.9,2.8,-2.1
348,Donovan Mitchell\mitchdo01,PG,21.3,569,7.0,26.7,1.4,0.7,10.7,33.5,6.2,3.5
349,Adam Mokoka\mokokad01,SG,2.2,386,4.9,11.9,1.7,1.6,20.5,18.9,-0.1,-9.9
350,Malik Monk\monkma01,SG,13.6,569,6.2,15.7,1.1,0.5,11.3,23.8,1.0,-1.9
351,E'Twaun Moore\mooreet01,SG,10.4,523,6.6,13.7,1.9,1.2,15.3,17.2,0.4,-3.1
352,Ja Morant\moranja01,PG,16.7,537,6.5,33.5,1.3,0.6,15.3,27.2,3.2,-0.8
353,Juwan Morgan\morgaju01,PF,8.5,529,10.1,8.0,1.3,0.6,10.8,10.9,0.3,-2.7
354,Marcus Morris\morrima03,PF,14.5,614,8.8,5.6,1.1,0.9,8.4,20.1,3.6,-0.2
355,Markieff Morris\morrima02,PF,9.3,509,12.5,8.6,0.9,1.4,11.9,16.4,1.6,-3.0
356,Monte Morris\morrimo01,PG,14.0,574,4.6,17.1,1.4,1.1,7.5,16.5,2.9,-0.8
357,Mychal Mulder\muldemy01,PG,10.8,613,4.2,4.8,0.7,1.4,5.5,16.2,1.2,-2.3
358,Dejounte Murray\murrade01,PG,16.5,509,11.8,25.9,2.3,0.3,10.2,23.4,3.3,0.6
359,Jamal Murray\murraja01,PG,18.3,592,6.5,20.3,1.9,0.7,11.2,24.8,4.6,1.7
360,Mike Muscala\muscami01,C,14.7,599,10.6,7.0,0.6,1.5,6.9,20.0,1.3,-0.3
361,Sviatoslav Mykhailiuk\mykhasv01,SF-SG,10.4,529,6.6,12.9,1.9,0.8,14.3,20.0,0.3,-2.8
361,Sviatoslav Mykhailiuk\mykhasv01,SF,10.2,527,6.5,13.5,2.1,0.8,14.2,19.0,0.3,-2.1
361,Sviatoslav Mykhailiuk\mykhasv01,SG,10.6,531,6.7,12.3,1.7,0.8,14.4,21.0,-0.1,-3.5
362,Abdel Nader\naderab01,SF,13.4,605,9.9,7.3,1.4,2.3,12.6,19.0,0.7,-0.4
363,Larry Nance Jr.\nancela02,PF,13.2,557,12.1,14.4,2.8,1.4,15.8,13.9,1.8,0.6
364,Aaron Nesmith\nesmiaa01,SF,9.4,573,10.6,4.6,1.1,1.3,10.8,13.7,1.1,-3.2
365,Raul Neto\netora01,PG,13.0,575,5.9,14.0,2.4,0.4,9.9,15.8,2.8,-0.8
366,Georges Niang\niangge01,PF,11.4,602,8.1,7.3,1.1,0.6,10.9,17.4,2.6,-0.4
367,Zeke Nnaji\nnajize01,PF,11.3,615,9.3,3.3,1.0,1.0,6.0,12.9,0.9,-2.1
368,Nerlens Noel\noelne01,C,14.8,638,14.3,4.1,2.3,8.7,20.4,9.2,5.2,1.0
369,Jaylen Nowell\nowelja01,SG,12.3,528,6.8,12.5,1.4,1.4,7.2,21.4,0.7,-3.1
370,Frank Ntilikina\ntilila01,PG,7.7,512,5.2,8.1,2.8,1.2,11.2,13.6,0.5,-2.4
371,Kendrick Nunn\nunnke01,PG,14.2,596,6.2,14.5,1.6,0.9,10.5,20.9,2.9,-0.6
372,James Nunnally\nunnaja01,SF,8.3,540,10.2,8.1,0.0,0.0,12.6,13.9,0.0,-3.0
373,Jusuf Nurkić\nurkiju01,C,20.5,554,20.2,21.4,2.1,4.0,16.0,22.3,2.4,2.0
374,David Nwaba\nwabada01,SF,14.4,557,9.3,6.9,2.1,2.8,6.4,16.6,1.3,-0.3
375,Jordan Nwora\nworajo01,SF,16.1,586,11.5,3.6,2.7,2.3,14.1,26.0,0.4,-1.3
376,Royce O'Neale\onealro01,SF,9.9,599,11.5,10.4,1.2,1.2,16.7,9.6,5.6,0.4
377,Semi Ojeleye\ojelese01,PF,8.3,553,8.6,5.1,0.9,0.0,8.2,11.6,1.2,-2.7
378,Jahlil Okafor\okafoja01,C,13.1,644,10.6,6.1,0.8,1.3,15.7,16.8,0.6,-3.5
379,Chuma Okeke\okekech01,PF,11.8,511,8.3,13.2,2.1,1.8,10.0,14.5,1.3,-1.4
380,Josh Okogie\okogijo01,SG,9.1,524,7.1,7.0,2.1,2.0,12.5,12.1,1.3,-3.7
381,Onyeka Okongwu\okongon01,C,16.8,655,14.9,4.4,1.9,4.8,14.3,14.7,1.9,-1.3
382,Isaac Okoro\okorois01,SG,7.9,514,5.3,8.6,1.4,1.0,12.0,14.3,0.9,-5.0
383,KZ Okpala\okpalkz01,PF,5.2,448,8.7,5.8,1.1,2.6,12.8,11.9,0.1,-7.2
384,Victor Oladipo\oladivi01,SG,14.3,512,8.0,22.8,2.0,1.2,11.5,28.5,0.4,-1.5
384,Victor Oladipo\oladivi01,SG,15.5,535,9.2,18.7,2.4,0.5,9.7,26.4,0.4,0.6
384,Victor Oladipo\oladivi01,SG,14.9,508,7.6,25.3,1.7,1.3,10.9,29.8,0.1,-1.0
384,Victor Oladipo\oladivi01,SG,8.1,471,7.2,18.9,3.1,1.9,21.6,26.4,-0.1,-10.1
385,Cameron Oliver\oliveca01,SF,17.2,619,12.9,9.6,1.1,4.1,7.9,18.5,0.2,-2.4
386,Kelly Olynyk\olynyke01,C-PF,16.4,610,13.6,16.0,1.9,2.1,14.0,19.7,5.1,1.1
386,Kelly Olynyk\olynyke01,C,12.1,549,12.9,11.7,1.7,2.4,12.3,17.5,1.9,-0.9
386,Kelly Olynyk\olynyke01,PF,22.3,674,14.5,21.9,2.2,1.7,15.7,22.9,3.2,3.8
387,Miye Oni\onimi01,SG,6.4,517,8.6,6.8,1.0,1.2,13.6,9.8,0.9,-2.1
388,Cedi Osman\osmande01,SF,10.3,488,7.5,17.7,1.7,0.5,11.3,20.4,0.5,-2.8
389,Daniel Oturu\oturuda01,C,12.5,471,16.8,8.5,1.2,3.9,13.6,18.2,0.3,-5.6
390,Kelly Oubre Jr.\oubreke01,SF,13.3,529,10.4,6.5,1.6,2.2,8.0,22.1,2.2,-2.1
391,Jabari Parker\parkeja01,PF,14.7,593,14.2,9.9,0.3,2.8,14.1,18.5,0.3,-0.6
391,Jabari Parker\parkeja01,PF,5.0,571,12.3,5.0,0.0,3.1,30.0,15.9,0.0,-8.8
391,Jabari Parker\parkeja01,PF,16.6,596,14.5,10.8,0.4,2.7,11.5,18.9,0.3,1.0
392,Eric Paschall\pascher01,PF,13.4,561,9.8,11.4,0.8,0.9,11.2,23.5,0.9,-3.2
393,Anžejs Pasečņiks\pasecan01,C,-40.6,0,8.8,18.7,0.0,0.0,83.3,41.4,-0.1,-47.1
394,Patrick Patterson\pattepa01,PF,10.9,571,7.2,6.7,1.2,1.2,6.0,14.0,1.2,-0.9
395,Justin Patton\pattoju01,C,11.6,488,10.6,8.1,2.3,5.1,5.3,13.0,0.4,-2.0
396,Chris Paul\paulch01,PG,21.4,599,8.0,40.9,2.2,0.8,14.0,22.6,9.2,4.7
397,Cameron Payne\payneca01,PG,17.4,602,7.6,28.1,1.6,1.3,12.5,19.8,3.6,2.6
398,Elfrid Payton\paytoel01,PG,11.7,478,7.9,21.6,1.6,0.6,13.3,23.2,1.0,-3.4
399,Gary Payton II\paytoga02,PG,29.2,847,14.6,4.1,7.0,2.2,6.3,16.8,0.3,9.5
400,Norvel Pelle\pelleno01,C,11.6,567,12.4,3.0,0.6,10.0,14.5,10.8,0.2,-1.0
400,Norvel Pelle\pelleno01,C,2.1,429,13.8,0.0,0.0,9.4,30.0,15.6,0.0,-9.7
400,Norvel Pelle\pelleno01,C,30.1,543,13.9,28.2,0.0,0.0,0.0,29.7,0.0,1.4
400,Norvel Pelle\pelleno01,C,15.3,698,11.5,2.7,1.0,11.0,0.0,6.8,0.2,3.5
401,Reggie Perry\perryre01,PF,11.0,466,19.1,9.0,1.4,2.5,15.2,20.4,0.2,-6.7
402,Theo Pinson\pinsoth01,SG,-8.1,111,8.0,3.7,0.0,0.0,10.0,13.1,-0.1,-16.5
403,Mason Plumlee\plumlma01,C,18.7,638,19.3,21.0,1.4,2.9,18.7,16.3,5.1,2.1
404,Jakob Poeltl\poeltja01,C,17.5,612,15.8,10.1,1.2,5.7,14.6,13.4,5.7,0.7
405,Vincent Poirier\poirivi01,C,1.6,273,19.8,6.6,0.0,6.9,21.5,20.6,-0.1,-14.6
406,Aleksej Pokusevski\pokusal01,PF,6.1,430,10.1,13.1,0.9,3.4,18.8,20.5,-1.9,-5.9
407,Jordan Poole\poolejo01,SG,15.1,581,5.0,15.4,1.2,0.8,8.8,25.0,1.9,-0.6
408,Jontay Porter\portejo01,PF,9.2,640,13.7,2.5,2.7,1.7,28.9,18.9,0.0,-6.5
409,Kevin Porter Jr.\porteke02,SG,12.5,528,6.3,31.2,1.1,0.9,18.2,25.4,0.0,-3.8
410,Michael Porter Jr.\portemi01,SF,20.6,663,13.2,5.6,1.0,2.8,8.1,21.7,6.9,3.0
411,Otto Porter\porteot01,SF-PF,14.5,552,13.8,12.9,1.3,0.6,9.2,19.3,1.3,-0.6
411,Otto Porter\porteot01,SF,14.8,566,14.2,13.1,1.1,0.6,10.3,19.5,1.2,-0.3
411,Otto Porter\porteot01,PF,11.7,441,11.0,11.5,2.9,0.0,0.0,17.8,0.1,-2.9
412,Bobby Portis\portibo01,C,19.9,598,17.9,7.4,1.8,1.7,8.2,20.9,4.8,1.4
413,Kristaps Porziņģis\porzikr01,C,21.3,582,15.8,8.4,0.7,4.1,6.4,26.5,4.3,2.0
414,Dwight Powell\poweldw01,C,16.8,688,13.3,8.9,1.8,2.9,13.9,13.2,3.8,0.7
415,Norman Powell\powelno01,SG-SF,16.2,618,5.3,9.2,1.8,0.8,10.3,22.6,4.7,0.1
415,Norman Powell\powelno01,SG,17.7,645,5.4,10.0,1.8,0.6,10.8,24.2,3.2,1.2
415,Norman Powell\powelno01,SF,14.2,576,5.1,8.1,1.8,1.0,9.5,20.5,1.5,-1.4
416,Taurean Prince\princta02,PF,12.1,540,8.8,12.8,1.5,2.3,11.5,19.6,1.0,-2.0
416,Taurean Prince\princta02,PF,11.7,565,8.6,4.3,1.8,3.2,11.4,19.4,0.3,-2.9
416,Taurean Prince\princta02,PF,12.2,532,8.8,15.5,1.4,1.9,11.6,19.7,0.7,-1.7
417,Payton Pritchard\pritcpa01,SG,12.4,582,6.9,13.3,1.4,0.7,10.8,16.7,2.5,-1.1
418,Immanuel Quickley\quickim01,PG,15.8,557,6.0,16.2,1.2,0.9,8.1,25.6,3.2,0.6
419,Jahmi'us Ramsey\ramseja01,SG,10.5,498,5.9,8.8,2.0,0.9,6.9,19.8,0.0,-4.7
420,Chasson Randle\randlch01,PG,7.4,515,5.1,12.9,1.3,0.5,15.1,15.7,0.0,-6.2
421,Julius Randle\randlju01,PF,19.7,567,14.7,27.2,1.2,0.6,13.8,29.3,7.8,3.7
422,Cam Reddish\reddica01,SF,9.3,488,7.6,6.5,2.2,1.1,10.2,19.3,0.4,-3.6
423,J.J. Redick\redicjj01,SG,9.9,564,4.8,9.7,0.7,0.4,11.0,19.2,0.7,-3.7
423,J.J. Redick\redicjj01,SG,10.9,575,4.9,9.6,0.7,0.3,9.6,19.0,0.8,-3.0
423,J.J. Redick\redicjj01,SG,5.9,516,4.5,10.3,0.7,0.6,16.6,19.9,-0.1,-6.5
424,Paul Reed\reedpa01,PF,21.2,540,19.0,11.0,2.7,6.6,12.8,22.7,0.6,-0.9
425,Naz Reid\reidna01,C,18.2,599,12.9,8.7,1.2,4.9,9.5,22.5,3.2,-0.6
426,Cameron Reynolds\reynoca01,SF,6.5,417,6.7,7.5,0.0,0.0,0.0,19.2,0.0,-9.0
426,Cameron Reynolds\reynoca01,SF,6.2,500,0.0,0.0,0.0,0.0,0.0,14.5,0.0,-9.3
426,Cameron Reynolds\reynoca01,SF,6.5,406,7.8,8.8,0.0,0.0,0.0,20.0,0.0,-9.0
427,Nick Richards\richani01,PF,5.5,542,9.5,4.2,0.0,0.0,17.8,11.5,0.0,-8.7
428,Josh Richardson\richajo01,SG,11.9,537,6.0,12.1,1.7,1.2,10.6,18.4,2.4,-2.1
429,Grant Riller\rillegr01,PG,23.6,750,2.0,20.9,1.8,0.0,7.7,20.7,0.1,5.4
430,Austin Rivers\riverau01,SG,9.9,551,5.4,13.2,1.8,0.2,12.2,15.4,1.3,-2.2
430,Austin Rivers\riverau01,SG,9.5,545,5.8,13.9,1.4,0.0,13.5,16.5,0.6,-3.0
430,Austin Rivers\riverau01,SG,10.3,558,4.9,12.5,2.2,0.5,10.6,14.2,0.7,-1.4
431,Andre Roberson\roberan03,SG,4.2,202,13.2,7.4,2.3,1.4,11.8,11.7,-0.1,-6.2
432,Duncan Robinson\robindu01,SF,11.0,628,6.3,8.3,0.9,0.9,9.7,16.6,3.7,-1.1
433,Glenn Robinson III\robingl02,SF,9.0,554,6.8,7.0,0.5,0.7,9.2,14.0,0.3,-4.6
434,Jerome Robinson\robinje01,SG,4.1,400,6.6,10.2,1.8,1.6,15.5,16.7,-0.4,-7.6
435,Justin Robinson\robinju01,PG,6.0,453,4.1,14.1,1.6,0.0,7.9,12.2,0.0,-7.6
436,Mitchell Robinson\robinmi01,C,17.7,642,16.0,2.9,2.1,5.0,11.5,11.8,3.4,0.9
437,Isaiah Roby\robyis01,PF,11.9,555,12.4,11.4,1.7,2.3,19.0,17.7,1.3,-3.5
438,Rajon Rondo\rondora01,PG,13.2,544,7.9,35.3,2.4,0.5,26.2,17.2,1.3,-0.3
438,Rajon Rondo\rondora01,PG,9.9,478,7.5,32.2,2.3,0.4,26.0,16.2,0.2,-2.7
438,Rajon Rondo\rondora01,PG,16.8,609,8.4,38.6,2.4,0.5,26.4,18.2,1.1,2.3
439,Derrick Rose\rosede01,PG,18.3,550,5.5,28.0,1.9,1.4,10.5,25.8,3.1,1.5
439,Derrick Rose\rosede01,PG,17.1,517,4.7,32.5,2.6,1.0,12.3,30.0,0.4,0.4
439,Derrick Rose\rosede01,PG,18.8,565,5.9,26.3,1.7,1.5,9.6,24.3,2.8,1.9
440,Terrence Ross\rosste01,SG,13.2,530,6.1,13.2,1.7,1.4,9.9,24.1,0.9,-2.4
441,Terry Rozier\roziete01,SG,17.1,575,6.9,20.0,1.8,1.1,9.5,24.4,5.2,1.5
442,Ricky Rubio\rubiori01,PG,13.5,516,6.8,33.3,2.6,0.2,16.4,16.0,3.1,-2.2
443,D'Angelo Russell\russeda01,PG,17.6,555,5.0,33.6,1.8,1.3,13.5,29.1,1.6,1.1
444,Domantas Sabonis\sabondo01,PF,20.6,601,18.0,27.5,1.6,1.2,16.9,24.1,6.9,3.9
445,Luka Šamanić\samanlu01,PF,9.8,518,11.7,6.9,1.3,2.2,14.5,19.5,0.1,-5.1
446,JaKarr Sampson\sampsja02,PF,10.9,533,13.2,1.8,0.3,3.6,10.7,19.0,0.3,-7.4
447,Dario Šarić\saricda01,C,14.3,567,12.4,10.4,1.7,0.4,12.9,22.6,1.7,-2.2
448,Tomáš Satoranský\satorto01,SG,13.8,614,6.0,27.9,1.5,0.9,20.9,15.2,3.1,-0.7
449,Dennis Schröder\schrode01,SG,13.8,543,6.1,26.9,1.7,0.6,15.8,22.9,3.8,-1.1
450,Mike Scott\scottmi01,PF,6.8,492,7.8,6.1,1.4,1.5,8.1,11.9,1.0,-3.1
451,Jay Scrubb\scrubja01,SG,6.3,458,9.4,1.7,2.4,0.0,15.5,23.8,-0.1,-10.9
452,Collin Sexton\sextoco01,SG,18.0,573,4.9,22.6,1.4,0.4,11.6,29.7,3.5,0.0
453,Landry Shamet\shamela01,SG,10.3,578,4.4,9.3,1.1,0.6,8.9,16.7,1.8,-2.5
454,Iman Shumpert\shumpim01,SG,-0.4,250,5.0,0.0,4.4,0.0,20.0,19.8,0.0,-13.0
455,Pascal Siakam\siakapa01,PF,17.7,547,11.1,20.5,1.5,1.8,10.6,26.3,4.2,0.4
456,Chris Silva\silvach01,PF,11.5,708,16.8,9.3,0.5,6.6,30.7,15.9,0.2,-5.5
456,Chris Silva\silvach01,PF,13.4,765,17.2,10.3,0.6,6.3,31.5,15.5,0.2,-3.8
456,Chris Silva\silvach01,PF,-5.9,333,12.3,0.0,0.0,9.4,25.0,19.1,0.0,-21.0
457,Ben Simmons\simmobe01,PG,18.3,584,12.2,31.3,2.4,1.7,19.6,20.2,6.0,2.7
458,Anfernee Simons\simonan01,SG,12.3,589,6.8,11.4,0.8,0.6,9.2,18.3,1.8,-1.3
459,Deividas Sirvydis\sirvyde01,SG,5.7,481,12.1,5.4,0.7,0.0,10.5,15.7,0.0,-5.6
460,Alen Smailagić\smailal01,PF,8.9,472,10.1,6.5,1.7,5.2,14.4,17.6,0.0,-5.4
461,Marcus Smart\smartma01,PG,13.8,539,5.9,23.6,2.2,1.4,14.2,18.4,3.3,-0.6
462,Dennis Smith Jr.\smithde03,PG,13.6,492,7.3,27.8,2.7,2.9,14.3,19.0,0.6,0.2
462,Dennis Smith Jr.\smithde03,PG,6.8,356,3.9,14.4,5.4,0.0,7.3,21.7,0.0,-4.3
462,Dennis Smith Jr.\smithde03,PG,14.1,504,7.5,28.8,2.5,3.1,14.8,18.8,0.6,0.5
463,Ish Smith\smithis01,PG,11.6,473,8.6,24.7,1.6,1.2,11.6,15.8,1.1,-1.9
464,Jalen Smith\smithja04,PF,8.4,499,13.4,3.4,0.3,2.9,11.7,17.1,0.1,-6.2
465,Tony Snell\snellto01,SG,9.5,708,6.2,7.9,0.6,1.0,10.7,8.6,2.0,-0.9
466,Ray Spalding\spaldra01,C,0.8,410,11.2,0.0,0.0,9.4,38.1,17.6,-0.1,-10.4
467,Cassius Stanley\stanlca01,SG,5.5,383,11.7,1.4,0.5,1.7,2.1,22.0,-0.1,-11.2
468,Lamar Stevens\stevela01,PF,10.5,521,10.8,7.4,1.7,2.3,12.7,15.8,0.4,-4.0
469,Isaiah Stewart\stewais01,C,16.4,597,17.3,6.3,1.3,5.2,13.0,15.5,4.0,-1.2
470,Max Strus\strusma01,SF,12.1,597,4.6,7.3,1.1,0.4,3.9,18.3,0.9,-2.2
471,Edmond Sumner\sumneed01,SG,12.7,626,5.9,7.9,1.8,0.9,13.8,18.3,1.4,-2.9
472,Jae'Sean Tate\tateja01,SF,13.8,576,9.8,13.2,2.0,1.6,12.4,16.4,3.8,-1.2
473,Jayson Tatum\tatumja01,SF,21.3,576,11.5,20.3,1.6,1.3,10.4,30.8,6.5,3.7
474,Jeff Teague\teaguje01,PG,12.3,562,5.1,18.3,1.7,1.2,16.2,17.7,1.6,-2.1
474,Jeff Teague\teaguje01,PG,11.4,542,5.2,16.2,2.1,1.1,15.4,17.7,0.8,-2.5
474,Jeff Teague\teaguje01,PG,14.1,598,4.9,22.2,1.1,1.3,17.8,17.6,0.8,-1.3
475,Garrett Temple\templga01,SG,8.2,525,5.8,10.5,1.4,1.7,12.6,13.1,1.6,-3.5
476,Tyrell Terry\terryty01,PG,6.0,318,5.9,14.0,4.4,0.0,10.4,15.3,-0.1,-5.5
477,Daniel Theis\theisda01,C,15.0,609,12.4,9.5,1.2,3.3,11.4,15.6,4.3,-0.2
477,Daniel Theis\theisda01,C,15.0,625,11.9,9.3,1.2,3.9,11.4,15.0,2.9,0.2
477,Daniel Theis\theisda01,C,14.9,584,13.1,10.0,1.4,2.1,11.3,16.8,1.4,-0.8
478,Brodric Thomas\thomabr01,SG,8.0,487,7.4,10.7,1.8,2.2,14.6,16.4,0.1,-4.6
478,Brodric Thomas\thomabr01,SG,7.2,496,8.9,22.7,2.0,3.7,28.4,24.9,0.0,-7.3
478,Brodric Thomas\thomabr01,SG,8.0,487,7.3,9.9,1.8,2.1,13.2,15.8,0.1,-4.4
479,Isaiah Thomas\thomais02,PG,2.4,412,4.5,15.1,1.0,0.0,17.7,29.7,-0.2,-13.8
480,Khyri Thomas\thomakh01,SG,21.3,586,6.3,26.9,2.8,3.5,7.9,21.1,0.5,2.3
481,Matt Thomas\thomama02,SG,9.1,522,7.3,8.6,0.6,0.0,9.5,19.5,0.2,-5.2
481,Matt Thomas\thomama02,SG,8.2,545,6.0,6.7,0.5,0.0,8.4,16.0,0.1,-4.7
481,Matt Thomas\thomama02,SG,10.5,499,9.1,11.3,0.7,0.0,10.5,24.5,0.1,-6.0
482,Tristan Thompson\thomptr01,PF,14.2,540,19.0,7.2,0.9,2.4,14.1,14.8,2.9,-2.6
483,Sindarius Thornwell\thornsi01,SG,6.6,414,4.4,13.0,2.9,0.9,12.4,11.1,0.0,-5.0
483,Sindarius Thornwell\thornsi01,SG,4.5,388,3.7,7.0,3.3,1.3,15.5,14.9,-0.1,-5.9
483,Sindarius Thornwell\thornsi01,SG,7.7,434,4.7,16.0,2.7,0.6,9.8,9.2,0.1,-4.5
484,Matisse Thybulle\thybuma01,SG,10.1,508,5.3,6.3,3.9,4.9,11.3,9.4,2.8,1.6
485,Killian Tillie\tilliki02,C,8.5,461,7.0,5.6,1.3,4.0,3.1,14.8,0.2,-4.1
486,Xavier Tillman Sr.\tillmxa01,PF,14.7,605,12.5,9.4,1.9,2.7,12.3,14.3,2.9,-0.4
487,Anthony Tolliver\tollian01,PF,4.0,433,5.6,2.5,1.5,1.8,13.3,9.8,0.1,-7.4
488,Obi Toppin\toppiob01,PF,12.7,574,11.0,6.4,1.2,2.1,9.4,15.9,1.5,-1.0
489,Juan Toscano-Anderson\toscaju01,SG,12.6,676,11.3,18.1,1.7,2.1,21.5,11.0,3.0,0.6
490,Axel Toupane\toupaax01,SF,9.0,497,5.2,7.6,1.5,4.4,0.0,9.7,0.1,-3.1
491,Karl-Anthony Towns\townska01,C,23.1,612,17.0,22.6,1.1,2.9,13.7,29.1,5.4,4.3
492,Gary Trent Jr.\trentga02,SG,12.1,534,4.6,6.6,1.5,0.5,4.9,20.9,1.7,-2.7
492,Gary Trent Jr.\trentga02,SG,12.4,550,3.9,6.7,1.4,0.4,5.3,20.1,1.5,-2.4
492,Gary Trent Jr.\trentga02,SG,11.3,501,6.2,6.4,1.7,0.7,4.2,22.9,0.2,-3.4
493,P.J. Tucker\tuckepj01,PF,5.5,510,8.0,5.7,1.4,1.3,17.4,7.2,1.0,-4.3
493,P.J. Tucker\tuckepj01,PF,5.5,500,8.2,6.1,1.4,1.7,19.0,7.7,0.4,-4.8
493,P.J. Tucker\tuckepj01,PF,5.7,539,7.4,4.6,1.2,0.4,12.7,5.8,0.5,-3.2
494,Rayjon Tucker\tuckera01,PG,15.1,645,8.9,12.2,1.4,0.0,13.2,19.2,0.2,-4.0
495,Myles Turner\turnemy01,C,15.3,599,11.4,4.4,1.3,8.8,11.9,16.4,3.3,0.4
496,Jonas Valančiūnas\valanjo01,C,24.4,636,23.4,10.0,1.0,2.9,10.7,22.4,7.8,2.7
497,Denzel Valentine\valende01,SG,10.1,479,10.5,14.0,1.4,0.6,9.0,19.5,0.7,-2.9
498,Jarred Vanderbilt\vandeja01,PF,16.2,612,17.5,9.3,2.7,3.5,15.9,12.3,3.1,-0.6
499,Fred VanVleet\vanvlfr01,SG,16.8,534,6.4,26.7,2.2,2.0,9.1,23.9,4.3,2.2
500,Anderson Varejão\varejan01,C,12.9,326,31.1,12.2,0.0,5.0,4.8,25.4,0.0,-6.2
501,Devin Vassell\vassede01,SF,10.6,524,8.8,7.1,2.0,1.4,6.3,14.3,1.5,-1.9
502,Gabe Vincent\vincega01,PG,7.6,498,4.9,15.1,1.6,0.3,12.3,19.1,0.2,-5.7
503,Noah Vonleh\vonleno01,PF,-19.0,0,5.0,10.2,0.0,0.0,40.0,19.8,-0.1,-29.9
504,Nikola Vučević\vucevni01,C,22.9,560,18.5,21.3,1.3,1.8,7.9,29.3,6.3,5.1
504,Nikola Vučević\vucevni01,C,23.5,565,17.9,22.1,1.4,1.7,8.0,29.9,3.9,5.6
504,Nikola Vučević\vucevni01,C,21.8,550,19.6,20.0,1.3,2.1,7.8,28.2,2.4,4.2
505,Dean Wade\wadede01,PF,11.3,573,9.9,8.9,1.4,1.5,8.4,12.9,2.0,-1.2
506,Moritz Wagner\wagnemo01,C,12.5,580,10.7,9.7,1.7,2.2,13.9,18.1,1.2,-2.7
506,Moritz Wagner\wagnemo01,C,15.4,614,10.3,11.7,2.7,1.8,12.7,18.3,1.0,-0.2
506,Moritz Wagner\wagnemo01,C,-1.0,370,17.3,12.4,0.0,1.5,37.7,16.9,-0.2,-11.5
506,Moritz Wagner\wagnemo01,C,11.5,563,9.8,6.3,0.7,2.9,10.8,18.2,0.4,-4.0
507,Kemba Walker\walkeke02,PG,17.7,559,6.9,23.8,1.7,0.8,10.6,26.1,3.3,1.8
508,Lonnie Walker\walkelo01,SG,9.8,523,5.4,9.6,0.9,0.8,9.2,20.1,0.4,-3.8
509,John Wall\walljo01,PG,15.4,503,5.3,36.2,1.5,2.1,14.7,31.7,-0.2,-0.2
510,Brad Wanamaker\wanambr01,PG,9.5,489,5.3,22.5,1.9,1.0,17.1,16.9,0.9,-4.8
510,Brad Wanamaker\wanambr01,PG,8.5,468,5.6,20.8,2.0,0.8,15.8,16.0,0.5,-4.4
510,Brad Wanamaker\wanambr01,PG,10.9,518,4.9,25.0,1.9,1.2,18.9,18.1,0.4,-5.3
511,T.J. Warren\warretj01,SF,11.6,560,6.5,6.5,0.8,0.0,6.7,21.6,0.1,-5.5
512,P.J. Washington\washipj01,PF,13.4,549,11.6,12.2,1.7,4.0,14.6,19.4,2.7,-1.1
513,Yuta Watanabe\watanyu01,SF,12.2,565,12.1,7.7,1.7,2.6,9.0,12.7,1.5,-0.7
514,Tremont Waters\watertr01,PG,14.6,541,4.9,36.4,3.1,0.4,22.8,21.4,0.4,0.3
515,Paul Watson\watsopa01,SF,10.9,649,8.3,8.2,1.0,1.0,9.5,13.7,0.6,-1.4
516,Quinndary Weatherspoon\weathqu01,SG,9.6,547,4.8,9.1,3.2,1.4,19.2,18.7,0.1,-5.1
517,Russell Westbrook\westbru01,PG,19.5,509,16.8,48.6,1.7,0.8,18.0,30.2,3.7,3.4
518,Coby White\whiteco01,PG,12.0,540,7.3,21.8,0.9,0.6,13.9,22.5,2.4,-2.6
519,Derrick White\whitede01,SG,15.0,550,5.4,17.4,1.2,2.9,8.2,22.4,1.9,1.1
520,Hassan Whiteside\whiteha01,C,19.2,566,21.9,5.6,0.8,7.1,13.4,23.5,0.9,-2.5
521,Greg Whittington\whittgr01,PF,-10.2,0,0.0,0.0,0.0,0.0,0.0,10.9,-0.1,-17.5
522,Andrew Wiggins\wiggian01,PF,15.0,568,7.8,10.9,1.3,2.6,9.8,23.3,3.9,-0.7
523,Grant Williams\willigr01,PF,7.5,546,8.7,7.4,1.4,2.0,17.2,12.3,1.1,-4.0
524,Kenrich Williams\willike04,PF,14.0,599,10.0,16.4,1.8,1.1,14.8,15.3,2.8,-0.3
525,Lou Williams\willilo02,PG,14.0,519,5.4,23.4,1.6,0.4,13.0,25.7,1.7,-2.9
525,Lou Williams\willilo02,PG,15.7,529,5.4,23.3,2.1,0.4,12.0,26.5,1.6,-1.9
525,Lou Williams\willilo02,PG,10.8,498,5.4,23.7,0.8,0.3,14.9,24.3,0.0,-4.9
526,Patrick Williams\willipa01,PF,10.5,562,9.1,6.7,1.6,2.0,14.4,14.9,2.5,-2.7
527,Robert Williams\williro04,C,25.7,719,20.2,14.2,2.1,8.6,15.2,15.0,5.3,6.1
528,Zion Williamson\willizi01,PF,27.1,649,11.8,19.7,1.3,1.8,11.6,29.8,8.7,5.4
529,D.J. Wilson\wilsodj01,PF,11.5,511,13.7,7.9,1.2,3.3,10.9,19.7,0.3,-3.5
529,D.J. Wilson\wilsodj01,PF,8.4,490,12.5,3.7,0.4,3.4,8.4,19.1,0.0,-5.4
529,D.J. Wilson\wilsodj01,PF,12.5,518,14.1,9.3,1.4,3.3,11.8,19.9,0.2,-2.8
530,Dylan Windler\windldy01,SF,10.8,567,11.7,9.4,1.8,2.1,18.4,14.8,0.5,-1.7
531,Justise Winslow\winslju01,SF,6.2,395,12.3,13.3,1.4,2.1,14.1,21.9,-0.7,-6.1
532,Cassius Winston\winstca01,PG,10.8,575,4.9,16.3,0.9,0.9,12.3,17.2,0.1,-3.0
533,James Wiseman\wisemja01,C,13.1,552,14.4,4.9,0.6,3.8,12.9,23.8,0.7,-5.4
534,Christian Wood\woodch01,C,20.0,591,15.9,9.4,1.2,3.2,9.9,25.9,2.8,1.4
535,Robert Woodard\woodaro01,SF,12.5,425,19.7,6.3,0.0,5.6,4.1,23.4,0.0,-5.4
536,Delon Wright\wrighde01,SG-PG,16.3,562,8.6,23.0,2.8,1.5,12.6,16.3,4.3,2.0
536,Delon Wright\wrighde01,SG,16.5,562,8.7,25.7,2.7,1.6,12.6,15.8,2.9,2.8
536,Delon Wright\wrighde01,PG,15.9,563,8.4,18.9,3.0,1.3,12.7,17.1,1.3,0.8
537,Thaddeus Young\youngth01,PF,20.3,578,14.2,27.1,2.2,2.1,16.1,22.3,5.1,3.2
538,Trae Young\youngtr01,PG,23.0,589,6.3,45.5,1.2,0.5,16.2,33.0,7.2,3.6
539,Cody Zeller\zelleco01,C,18.2,599,17.7,13.2,1.3,1.7,11.9,18.3,3.3,-0.3
540,Ivica Zubac\zubaciv01,C,19.1,693,18.1,7.9,0.7,3.4,14.7,15.1,6.9,0.7